<?xml version="1.0" encoding="UTF-8"?>
<GenRun Id="impl_1" LaunchPart="xc7s50csga324-1" LaunchTime="1724959026">
  <File Type="ROUTE-RQS-RPT" Name="route_report_qor_suggestions_0.rpt"/>
  <File Type="POSTROUTE-PHYSOPT-RQS" Name="printeo_postroute_physopted.rqs"/>
  <File Type="ROUTE-RQS" Name="printeo_routed.rqs"/>
  <File Type="WBT-USG" Name="usage_statistics_webtalk.html"/>
  <File Type="BG-BGN" Name="printeo.bgn"/>
  <File Type="BITSTR-SYSDEF" Name="printeo.sysdef"/>
  <File Type="BITSTR-LTX" Name="debug_nets.ltx"/>
  <File Type="BITSTR-LTX" Name="printeo.ltx"/>
  <File Type="RBD_FILE" Name="printeo.rbd"/>
  <File Type="NPI_FILE" Name="printeo.npi"/>
  <File Type="RNPI_FILE" Name="printeo.rnpi"/>
  <File Type="CFI_FILE" Name="printeo.cfi"/>
  <File Type="RCFI_FILE" Name="printeo.rcfi"/>
  <File Type="PL-PDI-FILE" Name="printeo_pld.pdi"/>
  <File Type="BOOT-PDI-FILE" Name="printeo_boot.pdi"/>
  <File Type="RDI-RDI" Name="printeo.vdi"/>
  <File Type="PDI-FILE" Name="printeo.pdi"/>
  <File Type="BITSTR-MMI" Name="printeo.mmi"/>
  <File Type="BITSTR-BMM" Name="printeo_bd.bmm"/>
  <File Type="BITSTR-NKY" Name="printeo.nky"/>
  <File Type="BITSTR-RBT" Name="printeo.rbt"/>
  <File Type="BITSTR-MSK" Name="printeo.msk"/>
  <File Type="BG-BIN" Name="printeo.bin"/>
  <File Type="POSTROUTE-PHYSOPT-RQS-RPT" Name="postroute_physopt_report_qor_suggestions_0.rpt"/>
  <File Type="BG-BIT" Name="printeo.bit"/>
  <File Type="POSTROUTE-PHYSOPT-BUS-SKEW-RPX" Name="universal_bin_counter_bus_skew_postroute_physopted.rpx"/>
  <File Type="POSTROUTE-PHYSOPT-BUS-SKEW-PB" Name="universal_bin_counter_bus_skew_postroute_physopted.pb"/>
  <File Type="POSTROUTE-PHYSOPT-BUS-SKEW" Name="universal_bin_counter_bus_skew_postroute_physopted.rpt"/>
  <File Type="POSTROUTE-PHYSOPT-TIMING-RPX" Name="universal_bin_counter_timing_summary_postroute_physopted.rpx"/>
  <File Type="POSTROUTE-PHYSOPT-TIMING-PB" Name="universal_bin_counter_timing_summary_postroute_physopted.pb"/>
  <File Type="POSTROUTE-PHYSOPT-TIMING" Name="universal_bin_counter_timing_summary_postroute_physopted.rpt"/>
  <File Type="POSTROUTE-PHYSOPT-BLACKBOX-DCP" Name="printeo_postroute_physopt_bb.dcp"/>
  <File Type="POSTROUTE-PHYSOPT-DCP" Name="printeo_postroute_physopt.dcp"/>
  <File Type="BG-DRC" Name="printeo.drc"/>
  <File Type="ROUTE-RQS-PB" Name="printeo_rqs_routed.pb"/>
  <File Type="ROUTE-BUS-SKEW-RPX" Name="printeo_bus_skew_routed.rpx"/>
  <File Type="ROUTE-BUS-SKEW-PB" Name="printeo_bus_skew_routed.pb"/>
  <File Type="ROUTE-BUS-SKEW" Name="printeo_bus_skew_routed.rpt"/>
  <File Type="ROUTE-CLK" Name="printeo_clock_utilization_routed.rpt"/>
  <File Type="ROUTE-SIMILARITY" Name="printeo_incremental_reuse_routed.rpt"/>
  <File Type="ROUTE-TIMING-RPX" Name="printeo_timing_summary_routed.rpx"/>
  <File Type="ROUTE-TIMING-PB" Name="printeo_timing_summary_routed.pb"/>
  <File Type="ROUTE-TIMINGSUMMARY" Name="printeo_timing_summary_routed.rpt"/>
  <File Type="ROUTE-STATUS-PB" Name="printeo_route_status.pb"/>
  <File Type="ROUTE-STATUS" Name="printeo_route_status.rpt"/>
  <File Type="ROUTE-PWR-RPX" Name="printeo_power_routed.rpx"/>
  <File Type="ROUTE-PWR-SUM" Name="printeo_power_summary_routed.pb"/>
  <File Type="ROUTE-PWR" Name="printeo_power_routed.rpt"/>
  <File Type="ROUTE-METHODOLOGY-DRC-PB" Name="printeo_methodology_drc_routed.pb"/>
  <File Type="ROUTE-METHODOLOGY-DRC-RPX" Name="printeo_methodology_drc_routed.rpx"/>
  <File Type="ROUTE-METHODOLOGY-DRC" Name="printeo_methodology_drc_routed.rpt"/>
  <File Type="ROUTE-DRC-RPX" Name="printeo_drc_routed.rpx"/>
  <File Type="ROUTE-DRC-PB" Name="printeo_drc_routed.pb"/>
  <File Type="ROUTE-DRC" Name="printeo_drc_routed.rpt"/>
  <File Type="ROUTE-BLACKBOX-DCP" Name="printeo_routed_bb.dcp"/>
  <File Type="ROUTE-DCP" Name="printeo_routed.dcp"/>
  <File Type="ROUTE-ERROR-DCP" Name="printeo_routed_error.dcp"/>
  <File Type="PHYSOPT-TIMING" Name="printeo_timing_summary_physopted.rpt"/>
  <File Type="PHYSOPT-DRC" Name="printeo_drc_physopted.rpt"/>
  <File Type="PHYSOPT-DCP" Name="printeo_physopt.dcp"/>
  <File Type="POSTPLACE-PWROPT-TIMING" Name="printeo_timing_summary_postplace_pwropted.rpt"/>
  <File Type="POSTPLACE-PWROPT-DCP" Name="printeo_postplace_pwropt.dcp"/>
  <File Type="PLACE-RQA-PB" Name="printeo_rqa_placed.pb"/>
  <File Type="PLACE-TIMING" Name="printeo_timing_summary_placed.rpt"/>
  <File Type="PLACE-PRE-SIMILARITY" Name="printeo_incremental_reuse_pre_placed.rpt"/>
  <File Type="PLACE-SIMILARITY" Name="printeo_incremental_reuse_placed.rpt"/>
  <File Type="PLACE-CTRL" Name="printeo_control_sets_placed.rpt"/>
  <File Type="PLACE-UTIL-PB" Name="printeo_utilization_placed.pb"/>
  <File Type="PLACE-UTIL" Name="printeo_utilization_placed.rpt"/>
  <File Type="PLACE-CLK" Name="printeo_clock_utilization_placed.rpt"/>
  <File Type="PLACE-IO" Name="printeo_io_placed.rpt"/>
  <File Type="PLACE-DCP" Name="printeo_placed.dcp"/>
  <File Type="PWROPT-TIMING" Name="printeo_timing_summary_pwropted.rpt"/>
  <File Type="PWROPT-DRC" Name="printeo_drc_pwropted.rpt"/>
  <File Type="PWROPT-DCP" Name="printeo_pwropt.dcp"/>
  <File Type="OPT-RQA-PB" Name="printeo_rqa_opted.pb"/>
  <File Type="OPT-HWDEF" Name="printeo.hwdef"/>
  <File Type="OPT-METHODOLOGY-DRC" Name="printeo_methodology_drc_opted.rpt"/>
  <File Type="OPT-DRC" Name="printeo_drc_opted.rpt"/>
  <File Type="OPT-DCP" Name="printeo_opt.dcp"/>
  <File Type="OPT-TIMING" Name="printeo_timing_summary_opted.rpt"/>
  <File Type="REPORTS-TCL" Name="printeo_reports.tcl"/>
  <File Type="INIT-TIMING" Name="printeo_timing_summary_init.rpt"/>
  <File Type="PA-TCL" Name="printeo.tcl"/>
  <FileSet Name="sources" Type="DesignSrcs" RelSrcDir="$PSRCDIR/sources_1" RelGenDir="$PGENDIR/sources_1">
    <Filter Type="Srcs"/>
    <File Path="$PSRCDIR/sources_1/imports/new/universal_bin_counter.vhd">
      <FileInfo>
        <Attr Name="ImportPath" Val="$PPRDIR/../multiplexado_display/multiplexado_display.srcs/sources_1/new/universal_bin_counter.vhd"/>
        <Attr Name="ImportTime" Val="1724295356"/>
        <Attr Name="UsedIn" Val="synthesis"/>
        <Attr Name="UsedIn" Val="simulation"/>
      </FileInfo>
    </File>
    <File Path="$PSRCDIR/sources_1/new/printeo.vhd">
      <FileInfo>
        <Attr Name="UsedIn" Val="synthesis"/>
        <Attr Name="UsedIn" Val="simulation"/>
      </FileInfo>
    </File>
    <File Path="$PSRCDIR/sources_1/new/free_run_shift_reg.vhd">
      <FileInfo>
        <Attr Name="AutoDisabled" Val="1"/>
        <Attr Name="UsedIn" Val="synthesis"/>
        <Attr Name="UsedIn" Val="simulation"/>
      </FileInfo>
    </File>
    <Config>
      <Option Name="DesignMode" Val="RTL"/>
      <Option Name="TopModule" Val="printeo"/>
      <Option Name="TopAutoSet" Val="TRUE"/>
    </Config>
  </FileSet>
  <FileSet Name="constrs_in" Type="Constrs" RelSrcDir="$PSRCDIR/constrs_1" RelGenDir="$PGENDIR/constrs_1">
    <Filter Type="Constrs"/>
    <File Path="$PSRCDIR/constrs_1/imports/IB-ED-Lab3_Clase03/boolean.xdc">
      <FileInfo>
        <Attr Name="ImportPath" Val="$PPRDIR/../multiplexado_display/multiplexado_display.srcs/constrs_1/imports/IB-ED-Lab3_Clase03/boolean.xdc"/>
        <Attr Name="ImportTime" Val="1724297352"/>
        <Attr Name="UsedIn" Val="synthesis"/>
        <Attr Name="UsedIn" Val="implementation"/>
      </FileInfo>
    </File>
    <Config>
      <Option Name="ConstrsType" Val="XDC"/>
    </Config>
  </FileSet>
  <FileSet Name="utils" Type="Utils" RelSrcDir="$PSRCDIR/utils_1" RelGenDir="$PGENDIR/utils_1">
    <Filter Type="Utils"/>
    <File Path="$PSRCDIR/utils_1/imports/synth_1/printeo.dcp">
      <FileInfo>
        <Attr Name="UsedIn" Val="synthesis"/>
        <Attr Name="UsedIn" Val="implementation"/>
        <Attr Name="UsedInSteps" Val="synth_1"/>
        <Attr Name="AutoDcp" Val="1"/>
      </FileInfo>
    </File>
    <Config>
      <Option Name="TopAutoSet" Val="TRUE"/>
    </Config>
  </FileSet>
  <Strategy Version="1" Minor="2">
    <StratHandle Name="Vivado Implementation Defaults" Flow="Vivado Implementation 2024"/>
    <Step Id="init_design"/>
    <Step Id="opt_design"/>
    <Step Id="power_opt_design"/>
    <Step Id="place_design"/>
    <Step Id="post_place_power_opt_design"/>
    <Step Id="phys_opt_design"/>
    <Step Id="route_design"/>
    <Step Id="post_route_phys_opt_design"/>
    <Step Id="write_bitstream"/>
  </Strategy>
</GenRun>
