<?xml version="1.0" encoding="UTF-8"?>
<GenRun Id="synth_1" LaunchPart="xc7s50csga324-1" LaunchTime="1724959026" LaunchIncrCheckpoint="$PSRCDIR/utils_1/imports/synth_1/printeo.dcp">
  <File Type="VDS-TIMINGSUMMARY" Name="printeo_timing_summary_synth.rpt"/>
  <File Type="RDS-DCP" Name="printeo.dcp"/>
  <File Type="RDS-UTIL-PB" Name="printeo_utilization_synth.pb"/>
  <File Type="RDS-UTIL" Name="printeo_utilization_synth.rpt"/>
  <File Type="RDS-PROPCONSTRS" Name="printeo_drc_synth.rpt"/>
  <File Type="RDS-RDS" Name="printeo.vds"/>
  <File Type="REPORTS-TCL" Name="printeo_reports.tcl"/>
  <File Type="VDS-TIMING-PB" Name="printeo_timing_summary_synth.pb"/>
  <File Type="PA-TCL" Name="printeo.tcl"/>
  <FileSet Name="sources" Type="DesignSrcs" RelSrcDir="$PSRCDIR/sources_1" RelGenDir="$PGENDIR/sources_1">
    <Filter Type="Srcs"/>
    <File Path="$PSRCDIR/sources_1/imports/new/universal_bin_counter.vhd">
      <FileInfo>
        <Attr Name="ImportPath" Val="$PPRDIR/../multiplexado_display/multiplexado_display.srcs/sources_1/new/universal_bin_counter.vhd"/>
        <Attr Name="ImportTime" Val="1724295356"/>
        <Attr Name="UsedIn" Val="synthesis"/>
        <Attr Name="UsedIn" Val="simulation"/>
      </FileInfo>
    </File>
    <File Path="$PSRCDIR/sources_1/new/printeo.vhd">
      <FileInfo>
        <Attr Name="UsedIn" Val="synthesis"/>
        <Attr Name="UsedIn" Val="simulation"/>
      </FileInfo>
    </File>
    <File Path="$PSRCDIR/sources_1/new/free_run_shift_reg.vhd">
      <FileInfo>
        <Attr Name="AutoDisabled" Val="1"/>
        <Attr Name="UsedIn" Val="synthesis"/>
        <Attr Name="UsedIn" Val="simulation"/>
      </FileInfo>
    </File>
    <Config>
      <Option Name="DesignMode" Val="RTL"/>
      <Option Name="TopModule" Val="printeo"/>
      <Option Name="TopAutoSet" Val="TRUE"/>
    </Config>
  </FileSet>
  <FileSet Name="constrs_in" Type="Constrs" RelSrcDir="$PSRCDIR/constrs_1" RelGenDir="$PGENDIR/constrs_1">
    <Filter Type="Constrs"/>
    <File Path="$PSRCDIR/constrs_1/imports/IB-ED-Lab3_Clase03/boolean.xdc">
      <FileInfo>
        <Attr Name="ImportPath" Val="$PPRDIR/../multiplexado_display/multiplexado_display.srcs/constrs_1/imports/IB-ED-Lab3_Clase03/boolean.xdc"/>
        <Attr Name="ImportTime" Val="1724297352"/>
        <Attr Name="UsedIn" Val="synthesis"/>
        <Attr Name="UsedIn" Val="implementation"/>
      </FileInfo>
    </File>
    <Config>
      <Option Name="ConstrsType" Val="XDC"/>
    </Config>
  </FileSet>
  <FileSet Name="utils" Type="Utils" RelSrcDir="$PSRCDIR/utils_1" RelGenDir="$PGENDIR/utils_1">
    <Filter Type="Utils"/>
    <File Path="$PSRCDIR/utils_1/imports/synth_1/printeo.dcp">
      <FileInfo>
        <Attr Name="UsedIn" Val="synthesis"/>
        <Attr Name="UsedIn" Val="implementation"/>
        <Attr Name="UsedInSteps" Val="synth_1"/>
        <Attr Name="AutoDcp" Val="1"/>
      </FileInfo>
    </File>
    <Config>
      <Option Name="TopAutoSet" Val="TRUE"/>
    </Config>
  </FileSet>
  <Strategy Version="1" Minor="2">
    <StratHandle Name="Vivado Synthesis Defaults" Flow="Vivado Synthesis 2024"/>
    <Step Id="synth_design"/>
  </Strategy>
</GenRun>
